USE ants;

-- МОНСТРЫ

INSERT INTO `monsters`(monster_id,monster_name,model_filename,monster_lvl,hp,atk,def,experience) VALUES
(1,'Тля','11.stl','1','200000','1500','200000','10'),
(2,'Личинка','21.stl','2','240000','1500','240000','30'),
(3,'Божья коровка','31.stl','3','300000','1500','300000','80'),
(4,'Улитка','41.stl','4','400000','1500','400000','200'),
(5,'Жук','51.stl','5','500000','1500','500000','500'),
(6,'Саранча','61.stl','6','600000','1500','600000','600'),
(7,'Паук','71.stl','7','740000','1500','740000','700'),
(8,'Скорпион','81.stl','8','960000','1500','960000','1500'),
(9,'Богомол','91.stl','9','1240000','1500','1240000','2000'),
(10,'Ящерица','101.stl','10','1620000','1500','1620000','2500');



-- ВИДЫ ГЕРОЕВ

INSERT INTO `heroes` (hero_id,description,model_id,base_hp,base_atk,base_def,skill_1,skill_2,skill_3,skill_4) VALUES
(1,'Белый Бархатный Муравей','1','3000','500','2800','1','2','3','4'),
(2,'Свирепый Муравей-Жулик','2','3000','600','2500','5','6','7','8'),
(3,'Муравьиный Паук-Скакун','3','2500','800','2500','9','10','11','12'),
(4,'Афантохилус Рогэрси','4','2000','1100','2500','13','14','15','16'),
(5,'Тауматорикс Атрокс','5','800','2800','300','17','18','19','20'),
(6,'Панда-Муравей','6','1000','2500','500','21','22','23','24'),
(7,'Мастер Мимикрии','7','1000','2300','800','25','26','27','28'),
(8,'Джек Муравей-Скакун','8','1000','2200','1000','29','30','31','32'),
(9,'Муравей-Пилот','9','2000','500','3000','33','34','35','36'),
(10,'Муравей Призрак','10','1800','800','2500','37','38','39','40'),
(11,'Гиганский Зубчатый Муравей','11','1800','1000','2400','41','42','43','44'),
(12,'Тротуарный Муравей','12','1700','1200','2000', '45','46','47','48');

-- УМЕНИЯ ГЕРОЕВ


INSERT INTO `skills` (skill_id,hero_id,skill_name,description,skill_purpose,multiplier,skill_range,cooldown) VALUES
-- охранники
(1,1, 'Мощный укус','Атакует врага 1 раз','attack',1,1,'00:00:01'),
(2,1, 'Критический удар','Усиленная атака по врагу','attack',2,1,'00:00:05'),
(3,1, 'Смертельный яд','Сокрушительное отравление','attack',3,2,'00:00:10'),
(4,1, 'Мощь Исцеления','Исцеляет себя','heal',1,0,'00:00:10'),

(5,2, 'Мощный укус','Атакует врага 1 раз','attack',1,1,'00:00:01'),
(6,2, 'Критический удар','Усиленная атака по врагу','attack',2,1,'00:00:05'),
(7,2, 'Похищение здоровья','Атакует врага 1 раз','attack',3,2,'00:00:10'),
(8,2, 'Быстрый бег','Лечится и отпрыгивает','heal',1,0,'00:00:20'),

(9,3, 'Мощный укус','Атакует врага 1 раз','attack',1,1,'00:00:01'),
(10,3, 'Критический удар','Усиленная атака по врагу','attack',2,1,'00:00:05'),
(11,3, 'Бесстрашие','Прыгает на врага и атакует','attack',3,3,'00:00:15'),
(12,3, 'Твердое отстаивание','Исцеляет себя','heal',1,0,'00:00:15'),

(13,4, 'Мощный укус','Атакует врага 1 раз','attack',1,1,'00:00:01'),
(14,4, 'Критический удар','Усиленная атака по врагу','attack',2,1,'00:00:05'),
(15,4, 'Прокол жалом','Вызывает кровотечение у врага','attack',3,1,'00:00:15'),
(16,4, 'Твердая оборона','Исцеляет себя','heal',1,0,'00:00:15'),



-- стрелки
(17,5, 'Мощный укус','Атакует врага 1 раз','attack',1,1,'00:00:01'),
(18,5, 'Точная атака','Атакует любые цели','attack',2,5,'00:00:05'),
(19,5, 'Токсичная кислота','Сокрушительное отравление','attack',3,3,'00:00:10'),
(20,5, 'Смертельный удар','Атакует врага смертельным ударом','attack',5,4,'00:00:20'),

(21,6, 'Мощный укус','Атакует врага 1 раз','attack',1,1,'00:00:01'),
(22,6, 'Точная атака','Атакует любые цели','attack',2,4,'00:00:05'),
(23,6, 'Дезориентирующий удар','Яростная атака','attack',3,3,'00:00:10'),
(24,6, 'Стебель бамбука','Атакует врага стеблем бамбука','attack',4,4,'00:00:20'),

(25,7, 'Мощный укус','Атакует врага 1 раз','attack',1,1,'00:00:01'),
(26,7, 'Точная атака','Атакует любые цели','attack',2,3,'00:00:07'),
(27,7, 'Подавляющая атака','Атака врага 1 раз','attack',2,4,'00:00:09'),
(28,7, 'Мимикрия','Маскируется и лечит себя','heal',1,0,'00:00:15'),

(29,8, 'Мощный укус','Атакует врага 1 раз','attack',1,1,'00:00:01'),
(30,8, 'Точная атака','Атакует любые цели','attack',2,3,'00:00:05'),
(31,8, 'Атака в прыжке','Атака врага 1 раз','attack',2,5,'00:00:15'),
(32,8, 'Неистовый натиск','Критическая атака','attack',3,4,'00:00:15'),

-- универсальные

(33,9, 'Мощный укус','Атакует врага 1 раз','attack',1,1,'00:00:01'),
(34,9, 'Твердая кожа','Лечит 1 цель','heal',1,3,'00:00:05'),
(35,9, 'Утренний бриз','Лечит 1 цель','heal',2,5,'00:00:10'),
(36,9, 'Благословение королевы','Массовое лечение','heal',2,4,'00:00:20'),

(37,10, 'Мощный укус','Атакует врага 1 раз','attack',1,1,'00:00:01'),
(38,10, 'Твердая кожа','Лечит 1 цель','heal',1,3,'00:00:05'),
(39,10, 'Невидимое угасание','Калечит 1 цель','attack',4,3,'00:00:10'),
(40,10, 'Призрачное укрытие','Массовое лечение','heal',1,3,'00:00:20'),

(41,11, 'Мощный укус','Атакует врага 1 раз','attack',1,1,'00:00:01'),
(42,11, 'Твердая кожа','Лечит 1 цель','heal',1,3,'00:00:05'),
(43,11, 'Нарциссизм','Лечит себя','heal',4,0,'00:00:15'),
(44,11, 'Милость гиганта','Массовое лечение','heal',3,2,'00:00:15'),

(45,12, 'Мощный укус','Атакует врага 1 раз','attack',1,1,'00:00:01'),
(46,12, 'Твердая кожа','Лечит 1 цель','heal',1,3,'00:00:05'),
(47,12, 'Внезапный удар','Атакует несколько целей','attack',1,4,'00:00:15'),
(48,12, 'Тень поребрика','Массовое лечение','heal',4,2,'00:00:20');


-- Уровни

INSERT INTO `char_lvl` VALUES
('1','100','0'),
('2','120','300'),
('3','150','800'),
('4','200','2000'),
('5','250','5000'),
('6','300','12000'),
('7','370','18000'),
('8','480','28000'),
('9','620','40000'),
('10','810','60000'),
('11','1000','88000'),
('12','1250','120000'),
('13','1500','200000'),
('14','1800','280000'),
('15','2160','360000'),
('16','2480','450000'),
('17','2850','600000'),
('18','3300','790000'),
('19','3770','970000'),
('20','4400','1200000'),
('21','4840','1460000'),
('22','5320','1840000'),
('23','5856','2200000'),
('24','6440','2630000'),
('25','7000','3000000');

-- Личные кабинеты

INSERT INTO `users` VALUES 
('1', 'Oscar', 'zulauf.camden@example.com', 'f726a2ce4c3ef410bd1a0c4cd85b111518122ae6', '9323786355', 0),
('2', 'Alysson', 'cthompson@example.org', 'd604c20547c79a542cf90031f394741e1469fdad', '9296545422', 0), 
('3', 'Alivia', 'margret78@example.net', '77b59863b6bb06d3b674a6e84743833e28e44d60', '9361599624', 0),
('4', 'Carol', 'grace45@example.net', '3d4f36a8df80f53456f9a723ec481808e739bae9', '9297577700', 0),
('5', 'Brittany', 'ziemann.river@example.net', 'f8bc7b8880044be52a89750497cedff75df89143', '9582082406', 0), 
('6', 'Trinity', 'willa.cummerata@example.net', '1341713c5afb870bb65fbc049c039e030d41f39e', '9242502818', 0),
('7', 'Elyssa', 'nschowalter@example.org', '80dd6c702f11f535ff84ee603265e6cc16ae616f', '9087841387', 0),
('8', 'Vince', 'maggio.edmund@example.com', '83a7ad617684adb51dbeddfdf62e401c404be3a9', '9284960275', 0), 
('9', 'Deontae', 'omohr@example.com', '7c89736ab871f826b8d5a848d9d0a0a57e70e313', '9149707121', 0),
('10', 'Nicholaus', 'marjolaine.nikolaus@example.net', 'bb530d807404b03b5b481cf280d68a2f23001520', '9813965920', 1), 
('11', 'Tod', 'maria88@example.com', '81b36f4cb49ebda9386b9b29eb9f063a8b4419cb', '9209993292', 0),
('12', 'Freeda', 'filiberto.dibbert@example.net', '9007f57604595ffb09f0ed0f822bf8e9fb6b59a7', '9089021193', 0), 
('13', 'Bertram', 'trent.marvin@example.com', '1a8cfe688ff5d1a7c61bfe86b706bbc2e95f30e7', '9302617927', 0),
('14', 'Enrique', 'adare@example.net', 'c47ccbb887ee2e74028d899ddaced4bfd6fb1f4b', '9836253910', 0),
('15', 'Lucienne', 'stroman.elian@example.net', '2b7784e596e83ae20d8b3c61b26961342b7dae56', '9149332946', 0), 
('16', 'Asia', 'andres.erdman@example.net', '39afbafc9919d278f717598819cb04b60e63dfb9', '9396304573', 0),
('17', 'Kaelyn', 'o\'kon.arch@example.org', '9d708544414f1722f80b3572413579d05abcee4c', '9937544299', 0), 
('18', 'Terence', 'pfannerstill.kara@example.net', '6276ff75dbeedfc76f9e0cc322e757275bdbe11e', '9115371705', 1), 
('19', 'Karine', 'pete07@example.com', 'fb0d69c0e6b2007ee97b75a9b6c24233895ac8df', '9816272825', 0),
('20', 'Edwina', 'bernier.haylie@example.org', '76c64c1d693d68ffc6c5b1a2f1c01ec88c6dac88', '9654893092', 0), 
('21', 'Murl', 'gus08@example.org', '5b277bace633fcf1963e1fe6184d966d205c2c61', '9712879332', 0),
('22', 'Johnathon', 'jennyfer.stark@example.com', '6c16fc8b60398304b0299601dd511974411acea6', '9784152060', 0), 
('23', 'Carmine', 'jamil.herzog@example.com', 'e04a905bf28c0b9b4f2a20cc1ad7d00094df3ced', '9848673409', 0),
('24', 'Raleigh', 'keenan.ortiz@example.org', '752982f1228c21f408bc0dc8de69a93cc517aa37', '9668380903', 0), 
('25', 'Jermaine', 'shakira76@example.com', '223cb1c5ff975816a223770f5cf52ecc06c9f23d', '9999428444', 0),
('26', 'Laverne', 'elwyn.tillman@example.com', '0114f126bfa0efc7008f0820eac550015244485e', '9232495313', 0), 
('27', 'Gloria', 'meaghan.crona@example.org', '370cc04e14e27b7dc9bb8ac10288802becfa0b83', '9864045853', 0),
('28', 'Ila', 'west.aron@example.org', 'f149595f05189d8a07525dcbe754cd3455e4457a', '9343773174', 0),
('29', 'Marquise', 'sigrid83@example.net', '230b3233ec6d12ee91ef906bcf93f5d961848a28', '9238455208', 0), 
('30', 'Efrain', 'kuhic.forest@example.com', '463086553655fba0ada9f9ed6e5fefe0a3dd8837', '9890855586', 0);


-- Аватары

INSERT INTO avatars VALUES
('1', 'quia', '17828762'),
('2', 'omnis', '0'),
('3', 'omnis', '2499'), 
('4', 'eum', '887'),
('5', 'aut', '1535'), 
('6', 'et', '172272752'), 
('7', 'corrupti', '0'),
('8', 'laudantium', '57592090'), 
('9', 'ea', '5866465'), 
('10', 'assumenda', '50'), 
('11', 'saepe', '0'),
('12', 'aut', '429799089'), 
('13', 'sit', '4847'),
('14', 'molestiae', '223'), 
('15', 'ad', '6641727'),
('16', 'asperiores', '3'), 
('17', 'vel', '0'),
('18', 'dolores', '293749'), 
('19', 'aliquam', '7762107'), 
('20', 'voluptatem', '81'),
('21', 'natus', '3995813'), 
('22', 'illum', '63'),
('23', 'architecto', '5395197'), 
('24', 'alias', '67034700'),
('25', 'voluptatem', '0'),
('26', 'non', '19'),
('27', 'sint', '479396'), 
('28', 'alias', '44912954'), 
('29', 'in', '97867694'),
('30', 'et', '170'),
('31', 'facilis', '7630144'), 
('32', 'a', '0'),
('33', 'quis', '918573899'), 
('34', 'accusamus', '5515853'), 
('35', 'in', '9'),
('36', 'eum', '13713998'), 
('37', 'consequatur', '46929709'),
('38', 'aut', '49'),
('39', 'sapiente', '0'),
('40', 'illo', '5463'),
('41', 'sapiente', '8558251'),
('42', 'fuga', '1059'),
('43', 'maiores', '1021'),
('44', 'error', '477707'),
('45', 'dolores', '0'),
('46', 'numquam', '0'),
('47', 'et', '32262'),
('48', 'odit', '73876'),
('49', 'odio', '99'),
('50', 'et', '8'),
('51', 'ea', '88166087'),
('52', 'laboriosam', '1619851'),
('53', 'ab', '81117343'),
('54', 'esse', '461984'),
('55', 'ullam', '4496104'),
('56', 'nesciunt', '417555'),
('57', 'animi', '6'),
('58', 'amet', '461'),
('59', 'expedita', '854807304'),
('60', 'consequatur', '83208');

-- модели
INSERT INTO models VALUES 
('1', 'nobis'),
('2', 'et'), 
('3', 'repellendus'),
('4', 'eos'),
('5', 'occaecati'),
('6', 'nihil'),
('7', 'quia'),
('8', 'odio'),
('9', 'nobis'),
('10', 'beatae'),
('11', 'consequatur'),
('12', 'quae');


-- Персонажи

INSERT INTO `characters` VALUES 
(1,2,12,'voluptatem',12,6,41,'2022-03-17 01:07:36',15000),
(2,23,9,'quos',9,20,48,'2022-04-10 17:49:58',1250000),
(3,28,8,'molestias',8,22,26,'2022-01-18 18:38:12',1900546),
(4,9,10,'dolorum',10,9,39,'2021-08-24 08:58:39',41000),
(5,14,1,'error',1,5,17,'2021-09-09 12:41:49',5100),
(6,24,4,'accusamus',4,13,40,'2021-07-07 12:56:47',201587),
(7,17,10,'voluptatem',10,24,25,'2022-02-09 03:38:37',2765987),
(8,27,10,'perferendis',10,1,4,'2021-07-14 08:01:36',100),
(9,10,5,'nulla',5,8,42,'2021-07-11 22:17:54',28654),
(10,11,7,'sit',7,7,38,'2021-08-26 10:26:45',19654),
(11,24,7,'voluptatem',7,23,11,'2021-07-19 07:01:51',2346987),
(12,5,8,'nemo',8,4,13,'2021-12-08 06:00:21',2547),
(13,18,4,'expedita',4,12,54,'2021-10-25 12:23:38',140654),
(14,19,6,'velit',6,13,8,'2021-09-14 06:57:02',220147),
(15,20,3,'ab',3,8,43,'2022-03-05 07:08:33',29875),
(16,22,5,'ratione',5,18,31,'2021-05-17 21:17:39',845654),
(17,15,1,'tempora',1,2,44,'2021-08-12 14:46:17',456),
(18,22,3,'tempore',3,22,23,'2021-11-22 23:26:59',1956458),
(19,20,11,'voluptatem',11,6,53,'2021-05-13 03:12:05',13528),
(20,3,5,'nihil',5,13,15,'2021-09-01 23:28:43',260123),
(21,16,12,'dolorum',12,12,51,'2022-03-12 12:55:08',130513),
(22,1,4,'voluptates',4,13,32,'2022-03-31 11:03:38',220431),
(23,10,12,'aut',12,14,49,'2021-06-03 07:17:03',290456),
(24,23,9,'porro',9,22,3,'2022-01-10 04:09:33',1945328),
(25,19,3,'laborum',3,21,10,'2021-05-12 23:39:55',1564987),
(26,10,8,'vel',8,21,60,'2021-09-09 16:42:40',1645897),
(27,21,7,'dolores',7,8,12,'2022-03-20 00:51:42',31458),
(28,17,3,'ducimus',3,2,20,'2022-03-25 17:03:02',546),
(29,14,2,'amet',2,16,22,'2021-12-18 12:53:54',546234),
(30,24,12,'culpa',12,7,37,'2021-09-15 20:20:59',20458),
(31,20,10,'facilis',10,3,1,'2022-01-05 10:15:12',1254),
(32,18,7,'dicta',7,9,46,'2022-02-09 00:21:09',51654),
(33,2,12,'excepturi',12,25,55,'2022-02-24 21:05:44',3156547),
(34,26,6,'dolore',6,10,9,'2022-04-02 06:21:56',75468),
(35,21,6,'consequuntur',6,3,56,'2021-10-02 04:55:00',1546),
(36,2,11,'aut',11,24,16,'2022-03-02 02:54:17',2789546),
(37,22,6,'veritatis',6,7,7,'2021-12-21 08:45:28',20458),
(38,16,12,'culpa',12,10,52,'2021-06-05 09:21:55',74654),
(39,4,6,'minima',6,12,47,'2021-12-05 22:23:52',140569),
(40,29,11,'eveniet',11,3,28,'2022-01-13 21:18:53',1234);

-- ПВП Дуэли

INSERT INTO duels VALUES 
(1,35,24,'lose','2022-04-09 14:59:04'),
(2,17,29,'win','2022-03-24 04:58:39'),
(3,26,3,'win','2022-03-22 14:14:11'),
(4,14,13,'win','2022-03-17 15:59:38'),
(5,26,28,'win','2022-03-31 22:04:36'),
(6,6,4,'lose','2022-04-03 09:42:43'),
(7,30,27,'win','2022-04-02 01:59:22'),
(8,15,9,'win','2022-03-19 01:10:39'),
(9,27,29,'win','2022-04-12 12:24:32'),
(10,36,40,'win','2022-03-24 16:41:05'),
(11,17,1,'win','2022-04-11 19:05:14'),
(12,17,18,'lose','2022-04-09 02:41:02'),
(13,28,23,'lose','2022-04-05 15:37:02'),
(14,31,12,'lose','2022-03-29 20:22:17'),
(15,14,2,'win','2022-04-02 19:22:59'),
(16,33,29,'lose','2022-04-10 20:30:37'),
(17,40,29,'lose','2022-03-25 07:56:40'),
(18,34,9,'lose','2022-03-29 08:31:36'),
(19,20,15,'win','2022-03-19 05:55:04'),
(20,3,37,'win','2022-03-24 01:51:49'),
(21,26,36,'lose','2022-04-14 17:38:12'),
(22,31,35,'win','2022-03-21 06:14:30'),
(23,24,40,'win','2022-04-14 13:15:50'),
(24,17,38,'lose','2022-04-05 07:16:33'),
(25,12,8,'lose','2022-04-10 05:25:15'),
(26,3,23,'lose','2022-03-29 06:50:22'),
(27,36,28,'win','2022-04-03 07:51:08'),
(28,10,3,'lose','2022-03-25 10:29:38'),
(29,33,23,'lose','2022-03-17 04:45:18'),
(30,36,33,'lose','2022-03-19 01:15:49'),
(31,22,31,'win','2022-03-18 17:44:25'),
(32,15,35,'win','2022-04-02 15:02:24'),
(33,16,14,'lose','2022-03-17 23:03:01'),
(34,24,17,'lose','2022-03-22 20:06:38'),
(35,25,31,'win','2022-04-05 21:26:06'),
(36,24,39,'win','2022-03-27 09:28:36'),
(37,18,36,'lose','2022-03-31 18:39:54'),
(38,28,39,'win','2022-03-21 03:05:16'),
(39,21,16,'lose','2022-04-03 13:14:20'),
(40,15,25,'lose','2022-04-13 08:17:30'),
(41,28,40,'win','2022-03-22 01:28:43'),
(42,34,5,'win','2022-03-18 17:25:48'),
(43,37,34,'lose','2022-03-30 15:03:40'),
(44,9,24,'win','2022-04-10 11:04:37'),
(45,34,8,'win','2022-04-02 12:56:43'),
(46,3,28,'lose','2022-03-29 10:21:32'),
(47,8,27,'lose','2022-03-17 09:15:43'),
(48,15,20,'lose','2022-03-15 12:53:33'),
(49,4,15,'lose','2022-03-25 23:38:23'),
(50,37,9,'win','2022-04-11 22:02:09'),
(51,27,9,'win','2022-03-27 16:53:28'),
(52,15,29,'lose','2022-04-03 12:50:23'),
(53,10,39,'lose','2022-03-30 03:49:54'),
(54,26,13,'win','2022-04-01 05:01:04'),
(55,27,11,'lose','2022-03-23 01:45:05'),
(56,31,25,'win','2022-03-19 23:20:43'),
(57,21,4,'lose','2022-03-31 16:26:31'),
(58,29,18,'lose','2022-04-04 14:01:32'),
(59,30,16,'lose','2022-03-16 11:52:41'),
(60,1,16,'win','2022-04-02 18:02:37');


-- ПВЕ битвы

INSERT INTO fights VALUES (1,8,5,'lose','2021-12-15 01:09:14'), 
(2,15,7,'win','2021-08-24 17:42:28'),(3,23,8,'win','2021-12-07 11:06:26'), 
(4,17,4,'lose','2021-06-05 10:34:45'),(5,4,10,'win','2021-10-05 07:01:11'), 
(6,20,7,'win','2021-07-24 04:07:38'),(7,10,9,'lose','2021-05-28 01:24:39'), 
(8,10,6,'win','2021-07-13 03:38:33'),(9,22,9,'win','2021-08-11 11:30:30'), 
(10,22,3,'win','2021-05-07 21:29:06'),(11,23,5,'win','2021-12-23 21:46:24'), 
(12,9,1,'win','2021-09-17 22:03:26'),(13,17,4,'lose','2021-06-19 05:47:58'), 
(14,2,6,'win','2021-06-17 14:52:55'),(15,34,3,'lose','2022-03-18 14:12:47'), 
(16,28,3,'lose','2021-12-04 21:12:30'),(17,35,8,'lose','2021-04-15 05:25:35'), 
(18,19,6,'lose','2021-12-11 04:35:52'),(19,30,5,'win','2021-05-16 06:55:21'), 
(20,23,4,'win','2021-12-23 02:27:49'),(21,38,8,'lose','2021-08-28 05:45:48'), 
(22,35,5,'lose','2022-03-11 00:36:59'),(23,22,10,'lose','2021-09-08 00:49:36'), 
(24,35,6,'win','2021-04-16 11:46:23'),(25,9,3,'lose','2022-02-21 09:50:42'), 
(26,15,5,'win','2021-09-02 14:48:53'),(27,2,6,'win','2021-10-30 02:17:49'), 
(28,1,3,'win','2021-11-20 12:05:39'),(29,6,4,'win','2021-05-30 17:07:59'), 
(30,22,8,'lose','2022-03-19 19:22:23'),(31,24,4,'win','2022-01-19 09:09:50'), 
(32,8,5,'win','2021-08-21 03:03:49'),(33,7,5,'win','2022-02-10 07:45:45'), 
(34,39,9,'lose','2021-12-25 21:24:48'),(35,32,6,'win','2021-05-06 18:43:35'), 
(36,36,8,'win','2021-10-07 01:09:13'),(37,26,7,'lose','2021-12-17 09:41:31'), 
(38,2,9,'lose','2021-05-25 08:54:51'),(39,7,2,'win','2022-01-27 20:08:36'), 
(40,13,9,'lose','2022-04-09 11:07:31'),(41,27,7,'win','2021-09-14 07:00:28'), 
(42,2,4,'lose','2021-10-15 13:59:23'),(43,13,1,'win','2022-02-07 01:26:29'), 
(44,11,7,'win','2022-01-20 05:38:16'),(45,13,1,'lose','2021-05-09 10:13:27'), 
(46,25,9,'lose','2022-03-25 22:09:26'),(47,33,3,'lose','2021-08-17 12:34:29'), 
(48,8,1,'win','2021-08-19 19:30:06'),(49,9,6,'lose','2021-07-10 17:58:38'), 
(50,4,6,'lose','2021-12-30 21:00:43'),(51,25,10,'win','2022-01-21 03:53:21'), 
(52,11,2,'lose','2021-04-28 16:25:18'),(53,29,1,'win','2021-11-17 09:50:46'), 
(54,4,7,'win','2021-10-08 01:17:48'),(55,30,8,'lose','2022-02-15 10:26:22'), 
(56,6,1,'lose','2021-08-20 06:50:54'),(57,34,7,'win','2022-04-02 04:34:10'), 
(58,7,8,'lose','2021-12-18 16:19:11'),(59,22,6,'win','2021-06-02 21:11:28'), 
(60,26,8,'lose','2022-04-04 03:02:27'),(61,7,1,'win','2022-02-02 19:12:21'), 
(62,40,7,'win','2021-07-17 18:24:46'),(63,21,7,'win','2022-01-29 14:29:15'), 
(64,40,7,'lose','2022-03-15 20:29:48'),(65,38,9,'lose','2021-10-13 17:36:25'), 
(66,17,8,'win','2021-11-29 03:42:25'),(67,26,4,'win','2021-08-24 03:36:19'), 
(68,39,2,'win','2022-01-18 13:58:04'),(69,32,5,'win','2022-01-11 08:38:52'), 
(70,2,9,'win','2022-02-05 20:31:41'),(71,19,5,'lose','2022-04-02 21:17:43'), 
(72,31,4,'lose','2021-10-30 15:27:39'),(73,34,7,'win','2021-11-20 06:50:09'), 
(74,37,3,'win','2021-08-31 11:43:17'),(75,18,6,'win','2021-09-12 12:04:18'), 
(76,8,8,'lose','2022-02-11 14:52:06'),(77,25,8,'win','2022-04-07 18:54:09'), 
(78,34,9,'win','2022-02-21 20:07:56'),(79,14,3,'lose','2022-03-28 06:39:55'), 
(80,3,5,'lose','2021-08-12 21:26:12'),(81,9,7,'lose','2022-01-17 20:03:23'), 
(82,26,10,'win','2021-09-08 16:31:21'),(83,16,4,'lose','2021-08-05 15:26:22'), 
(84,3,3,'win','2021-08-22 17:11:53'),(85,7,2,'win','2021-11-24 19:50:48'), 
(86,12,5,'lose','2022-01-02 09:21:32'),(87,14,6,'win','2021-09-14 10:38:21'), 
(88,14,4,'win','2021-12-29 09:57:55'),(89,9,2,'lose','2021-06-28 04:08:36'), 
(90,12,6,'lose','2021-10-15 13:51:24'),(91,33,10,'win','2021-06-16 03:40:18'), 
(92,31,6,'win','2021-07-15 04:07:54'),(93,32,4,'lose','2021-09-28 06:26:28'), 
(94,25,8,'lose','2022-02-06 17:49:06'),(95,7,7,'win','2021-06-22 07:16:47'), 
(96,3,9,'lose','2021-10-26 10:18:30'),(97,37,5,'lose','2022-03-02 00:23:12'), 
(98,39,8,'lose','2021-04-18 01:21:32'),(99,15,5,'win','2021-07-20 22:16:24'), 
(100,8,8,'win','2021-06-10 03:23:32');



-- Чат

INSERT INTO `chat` VALUES 
('1', '5', 'Provident nihil voluptas quaerat dolor eligendi molestias. Qui libero est sequi dolores eveniet repellat. Nihil cum voluptatem non molestiae sequi nesciunt iste sapiente.', '2021-10-18 01:31:58'),
('2', '9', 'Et incidunt est quo. Consequatur velit rerum eos aliquam consequuntur. Est et illum animi pariatur quo nesciunt atque nobis.', '2022-02-19 07:56:40'),
('3', '29', 'Voluptatem explicabo voluptas sed optio nihil ipsam labore modi. Totam est quod dolor aut quod corporis. Quo eaque rerum ullam consequuntur aut.', '2021-06-23 01:30:32'),
('4', '33', 'Voluptate maiores sed commodi accusantium amet. Et soluta neque voluptas quibusdam. Aut maiores est et quod ad sed fugiat. Dolores laborum soluta quidem incidunt. Eaque assumenda impedit vel.', '2021-07-20 10:48:35'),
('5', '2', 'Libero qui aperiam ad et et expedita repudiandae libero. Ullam autem cupiditate neque nam. Aut nihil beatae consequuntur necessitatibus.', '2022-03-31 11:44:16'),
('6', '34', 'Distinctio quis eum saepe incidunt. Sequi facilis id molestiae voluptate cupiditate non est. Odit distinctio ad consequatur. Est aut dolore dolore sit ut fugiat.', '2021-11-16 21:04:31'),
('7', '5', 'At aut sapiente laboriosam dolor. Perspiciatis dolor voluptate ut et mollitia fugit itaque. Id qui et eveniet. Aut ut id aut quo eligendi.', '2022-03-26 20:12:53'),
('8', '10', 'Magni quo aut voluptatem qui deleniti facilis molestiae magnam. Modi nesciunt non officia voluptas ab dolore laborum repudiandae. Veniam dolorem quia sit pariatur. Et mollitia at aut.', '2021-10-17 14:05:17'),
('9', '22', 'Quis aut culpa eveniet aspernatur doloremque odit. Sunt quia quasi ipsam dolorem sint fugiat autem. Corrupti voluptas qui omnis pariatur. Accusamus deleniti rerum et eveniet eum eius pariatur sint.', '2021-09-16 08:25:20'),
('10', '27', 'Dolorum iure sapiente nesciunt ut magni et. Nesciunt officiis velit porro eius sint. Eos nam quis beatae aliquid perferendis odit.', '2022-03-09 09:16:31'),
('11', '10', 'Nam voluptates numquam magni quaerat voluptatibus voluptatem. Molestiae laborum porro voluptatem facilis ipsum qui tenetur quia. Ex ut est et.', '2021-06-26 04:34:23'),
('12', '24', 'Quia aut rerum doloribus id qui cumque voluptatum. Consequatur eum quis iste placeat voluptatum autem magnam. Id aperiam commodi vel aut ipsam reiciendis maiores.', '2021-10-01 04:54:45'),
('13', '27', 'Voluptate necessitatibus consectetur dolorem nihil consequatur assumenda nihil. Tempora dolorum explicabo nihil consequatur. Eos non quos corrupti dolorem rerum enim. Blanditiis cum dolore nesciunt doloribus itaque nam. Animi sed natus tempora dolorem minima.', '2021-06-01 06:18:10'),
('14', '22', 'Sed repellat laborum repudiandae veniam mollitia minus neque. Enim non quaerat ut et maiores culpa. Fuga blanditiis non culpa et non perferendis. Amet nihil praesentium natus ea et error.', '2021-08-27 10:05:23'),
('15', '27', 'Expedita ea veniam adipisci officiis dolore. Aliquid animi explicabo non voluptatem qui id nobis. Veniam eos rerum et tempore distinctio quia atque dolorem. Qui similique sapiente quas illo neque facere.', '2022-02-05 03:55:54'),
('16', '24', 'Ut enim nemo corporis. Cumque corporis aut at delectus ab possimus corrupti. Excepturi ab aut et voluptates distinctio eaque. Illo quia sequi magni qui omnis et alias.', '2021-09-28 10:47:38'),
('17', '40', 'Neque possimus quisquam qui eveniet nihil. Omnis dolorem aut a. Iusto itaque ullam minima. Eligendi voluptatem voluptatem perferendis quia qui quasi sit vero.', '2021-08-22 17:30:03'),
('18', '23', 'Omnis inventore optio eum illo asperiores. Deleniti et sit itaque tempore illum dolorem. Iure aut rem aut ut qui aut.', '2022-02-19 23:39:33'),
('19', '24', 'Libero sunt doloremque temporibus delectus laboriosam quia eos. Nemo omnis sapiente aut praesentium est incidunt nisi. Rerum sint harum voluptas deleniti sed quisquam. Beatae et odit cumque eos. Dolore est sit accusantium in.', '2021-08-31 08:41:26'),
('20', '40', 'Dolor quod vel maiores totam delectus. Tempore repudiandae ad iusto tempora nulla.', '2021-05-24 14:46:07'),
('21', '11', 'Consectetur quos error accusantium magni doloremque laudantium. Distinctio laudantium in dolorem doloribus quaerat error et earum. Totam debitis eius incidunt nam ut dolor architecto. Recusandae vel ratione facilis aliquid dignissimos rerum sit.', '2021-05-15 14:32:08'),
('22', '8', 'Ab mollitia alias provident et. Rerum quo dolores pariatur commodi sed. Ab eum ut vitae quas dolores aut reiciendis.', '2021-10-17 18:14:00'),
('23', '4', 'Vel iusto sed non velit. Voluptatem quae voluptas tempore qui odio possimus. Quae quidem ducimus ut quae modi. Quaerat dignissimos quo et illo et.', '2021-08-16 10:55:31'),
('24', '40', 'Placeat consectetur error natus aut. Totam dolorum est quasi quaerat non natus. Quisquam ut ad autem et. Mollitia exercitationem expedita minima deleniti.', '2021-09-05 21:55:49'),
('25', '33', 'Ea aut temporibus dolor recusandae sunt tenetur eos. Enim sint rerum cum saepe natus. Quia quo quos qui quae quia beatae non.', '2022-03-25 09:32:57'),
('26', '13', 'Sed eum voluptatum rerum enim. Qui quod quis in. Molestias magni vel dolores nihil facere. Vero facere quasi architecto et et aliquam. Illo maxime aperiam debitis rerum nemo voluptatum dolore.', '2021-11-05 07:30:22'),
('27', '34', 'Illo voluptates doloribus enim laboriosam. Voluptatibus possimus voluptatibus voluptatem amet et soluta eum maiores. Quia quia aut eum ducimus.', '2021-09-15 15:12:12'),
('28', '26', 'Fugit ex molestiae iure excepturi. Unde tempora impedit soluta et quas. Officia blanditiis voluptatem reiciendis porro possimus.', '2021-11-25 17:24:32'),
('29', '31', 'Aut ut veniam sint exercitationem facilis. Officia adipisci fugit voluptatem sed voluptatem sunt. Laboriosam pariatur excepturi nihil incidunt et optio.', '2022-02-25 03:17:01'),
('30', '14', 'Et natus et dolores ut quaerat illum corporis. Beatae non ratione harum ea ut ut. Est eos porro voluptas aut vero tempore aut.', '2021-09-24 16:47:16'),
('31', '2', 'Blanditiis nesciunt suscipit facilis voluptas. Quia earum magni odio harum autem maiores.', '2021-05-05 00:25:20'),
('32', '32', 'Sed voluptatem magnam maiores odio. Ut sit expedita et. Aut enim quas esse nemo deleniti.', '2022-04-08 14:32:01'),
('33', '31', 'Asperiores perferendis eligendi et totam beatae molestias vel. Eos tempora sint laborum nemo qui. Est magni delectus ut omnis et. Dolorem exercitationem quam qui tenetur dicta itaque earum.', '2022-01-22 20:55:23'),
('34', '1', 'Minus eum quam beatae eum dolor et. Maxime quidem ut distinctio aliquid explicabo. Quaerat ut qui inventore fuga tenetur nam quisquam. Praesentium id blanditiis aut ipsam omnis numquam et.', '2021-07-28 22:52:01'),
('35', '29', 'Quis excepturi fuga maxime suscipit voluptates adipisci quod. Voluptas deleniti facere et esse voluptas. Doloribus odit provident perferendis est quis possimus eum. Deleniti harum impedit et in consectetur excepturi ut libero. Dolor sunt non quisquam ea et suscipit.', '2021-12-29 21:35:23'),
('36', '10', 'Error cum incidunt nam et voluptas. Voluptatibus quisquam laboriosam laudantium laboriosam. Non et neque laboriosam voluptas provident aut. Debitis rem nobis non consectetur sapiente.', '2021-12-11 23:19:32'),
('37', '32', 'Voluptatem sunt ipsum odit aut non aut. Enim perspiciatis sint autem excepturi odio beatae commodi. Ex quos vero voluptatem provident voluptates. Sunt est vero architecto suscipit odit veritatis. Quam voluptas ut nobis dolores maxime eum.', '2021-07-21 16:41:47'),
('38', '6', 'Quia repudiandae earum eius nihil rerum soluta voluptatibus. Velit harum id molestiae neque consequuntur nihil dignissimos. Adipisci reprehenderit autem placeat aliquid.', '2021-06-23 01:13:02'),
('39', '23', 'Qui adipisci quia cum recusandae voluptatem labore. Odit qui ad et rem id non. Et quod quia mollitia. Est voluptas id ut voluptatem temporibus. Quis minus dolorem voluptatum quas.', '2021-10-29 22:42:29'),
('40', '3', 'Repudiandae atque consectetur et dolores voluptatem iure. Non alias nobis voluptas consequuntur corrupti. Iusto officia ut voluptatem ratione debitis amet culpa et.', '2021-09-29 18:17:39'),
('41', '21', 'Numquam quam possimus rerum quia dolores officia. Debitis consequatur est maiores libero placeat consequatur rerum. Libero iusto iste nostrum dolorem et. Accusamus a officiis dignissimos tempora.', '2022-01-29 07:40:40'),
('42', '12', 'Quod est culpa aut et consectetur quia id deleniti. Ut et ut voluptates et est. Distinctio et et nobis voluptatem reiciendis rerum dignissimos. Eos perspiciatis voluptates maiores quod voluptates tempora qui.', '2021-06-22 18:57:40'),
('43', '39', 'Facere beatae quod eum. Deleniti magnam nisi sint architecto. Optio debitis doloremque sequi consequatur. Eaque corporis aut et rerum et fuga.', '2021-07-27 09:27:31'),
('44', '14', 'Qui suscipit quibusdam tempore veniam officiis. Quibusdam possimus eveniet id minima debitis incidunt et. Non odit nostrum quia vitae.', '2021-06-08 10:49:53'),
('45', '12', 'Vero est vitae architecto explicabo enim tempora officia sed. Temporibus voluptas cum et et. Exercitationem non totam soluta rerum quidem.', '2022-04-09 18:30:31'),
('46', '12', 'Natus aperiam voluptatem dolores asperiores aliquid fugiat. Omnis esse dolor architecto optio qui repellat. Iste dolores animi occaecati iure dicta qui qui. Ut sapiente sit eligendi sint et.', '2021-06-30 10:22:22'),
('47', '1', 'Itaque perferendis voluptatum et ullam nemo. Ut et deleniti voluptatem consequatur similique quis. Quibusdam quam reprehenderit consequatur quo. Molestias ex earum est dolorem voluptate voluptatem.', '2022-03-27 04:48:54'),
('48', '17', 'Qui voluptas id debitis quia sit quasi. Dolorem cupiditate adipisci quam hic error ratione est.', '2021-04-25 17:28:03'),
('49', '7', 'Molestias perspiciatis sequi consequatur soluta. Et quos qui odit praesentium qui magnam. Est cupiditate sequi et rem vel ex excepturi. Eius asperiores quidem sapiente consectetur perspiciatis.', '2021-09-07 18:31:45'),
('50', '37', 'Cupiditate voluptas explicabo consequatur laborum. Soluta eum corrupti eaque. Sint similique iusto aut laudantium. Quam soluta qui suscipit eos suscipit deserunt vel.', '2021-06-15 16:08:59'),
('51', '12', 'Facilis similique dolore sint eaque cupiditate omnis. Temporibus ea quia quia rerum sequi.', '2021-05-10 03:11:05'),
('52', '39', 'Eligendi quidem sunt quia facilis quos quia. Cumque corrupti et adipisci minima vel consequatur facilis. Non fugiat cum veniam ea architecto et sed. Iusto ut cum quasi minima eligendi. Temporibus consectetur deleniti praesentium error.', '2022-02-10 06:56:44'),
('53', '35', 'Aut qui officia aut inventore neque quam sint. Facilis quibusdam fuga ea explicabo quaerat magnam iusto sed. Inventore libero quibusdam quis eum veritatis voluptatem occaecati.', '2021-10-15 22:52:43'),
('54', '32', 'Eaque ratione impedit saepe ut ipsam. Deleniti similique reprehenderit modi autem ut exercitationem. Consequatur sed et id ipsum. Sed distinctio dolorem voluptas inventore aspernatur maxime.', '2021-09-20 11:26:21'),
('55', '2', 'Velit qui consequuntur sit vel dolore eveniet. Doloremque minus exercitationem fugiat autem eos. Aut natus ratione sapiente suscipit. Nihil consectetur distinctio dolore harum. Facere vitae perferendis et omnis quo nemo voluptatibus neque.', '2021-07-07 13:34:27'),
('56', '35', 'Aut voluptatem itaque earum rerum. Ratione aut voluptatibus in consectetur deleniti ipsam. Non vitae necessitatibus et hic repellat voluptates. Vero error magni enim suscipit corporis quia rerum.', '2021-10-30 05:35:50'),
('57', '28', 'Aut ab dolor quod ad eos omnis cum dolore. Et vero occaecati et animi. Aliquid adipisci enim commodi ut suscipit voluptate et ipsa. Praesentium voluptas vel ab mollitia numquam veritatis id deserunt.', '2021-11-04 15:19:22'),
('58', '4', 'Ipsa et voluptas quis fugiat modi amet. Voluptas veritatis eum animi dolorum reiciendis quo dolorum. Sint minus corrupti optio. Totam sit corporis in consequatur. Laudantium quis consectetur eos exercitationem doloribus eveniet quos.', '2022-01-29 05:17:19'),
('59', '33', 'Unde nisi delectus temporibus doloribus aut. Nemo praesentium facere non perferendis voluptate. Consequatur ex quidem cumque corrupti eos consectetur eligendi.', '2022-02-15 02:54:29'),
('60', '26', 'Dolorem et ut quos vero nisi et voluptas. Et est esse consequatur in pariatur excepturi. Quis placeat quasi laboriosam quia unde in consequatur. Quisquam sint reprehenderit quo consectetur.', '2021-05-24 00:12:03'),
('61', '20', 'Maxime fugiat quae dolores eos est. Est enim qui enim numquam. Consequatur eaque cupiditate qui fugit omnis dolores.', '2022-03-13 05:54:07'),
('62', '32', 'Consequuntur et temporibus esse eos labore magnam. Nam est enim enim. Id corporis mollitia rerum sint quis. Natus ut rerum asperiores quis sint.', '2021-12-30 13:16:31'),
('63', '4', 'Unde et consequatur sapiente placeat dicta qui animi. Omnis et labore at nesciunt.', '2021-12-12 04:44:47'),
('64', '34', 'Quia et necessitatibus sed libero soluta sit. Voluptas eligendi nam quaerat sint totam. Ut voluptatem dolor tempore optio pariatur enim repudiandae. Voluptatem odio omnis non a porro provident. Cum eius doloremque nulla provident.', '2021-11-23 00:51:52'),
('65', '31', 'Sunt veniam sequi quaerat expedita at. Quia quo facere accusantium sint et. Libero et qui dolor numquam omnis voluptas laborum. Nulla mollitia autem est voluptas. Officia laboriosam maxime minus.', '2021-05-06 01:41:48'),
('66', '31', 'Et ut et rerum ut repellendus. Dignissimos odio et incidunt sunt facilis voluptatem sunt aut. Et est aspernatur at qui.', '2021-04-14 21:20:03'),
('67', '32', 'Minus pariatur facere perferendis nam. Qui ratione qui laudantium harum odio occaecati omnis. Cupiditate non dolore delectus et quod. Modi debitis nulla vel voluptatem.', '2022-04-04 03:31:02'),
('68', '8', 'In iusto voluptatem similique aperiam eveniet qui incidunt. Quibusdam quaerat perspiciatis commodi ut et inventore nobis. Tenetur qui saepe nulla fugit maxime. Iusto rerum rerum odio voluptatum blanditiis unde.', '2022-03-14 19:29:06'),
('69', '39', 'Est deleniti voluptas molestiae eos enim doloremque doloremque neque. Vel quia accusantium fugit eos et ducimus rerum. Quae quia sed laboriosam perferendis consequatur.', '2022-01-03 04:23:06'),
('70', '39', 'Eligendi numquam et quia. Odio cumque debitis aliquid dolores est nesciunt voluptate quia. Est voluptas odio tempore aut corrupti. Deserunt dicta qui suscipit at.', '2021-09-11 05:06:18'),
('71', '25', 'Necessitatibus omnis tenetur culpa vero sed eum. Et placeat sint totam aperiam autem est. Vel voluptatem eos in velit eligendi libero voluptatibus minus. Eius enim dolorem cumque et.', '2021-09-05 13:38:49'),
('72', '40', 'Dolores nulla asperiores enim consequatur in eos reiciendis. Quia debitis quo dolorum enim quod. Asperiores et doloribus quis autem velit adipisci eveniet. Quo natus molestiae ut repellendus sed voluptatum.', '2022-02-20 04:53:39'),
('73', '28', 'Ullam voluptatum dignissimos et voluptatum. Qui quidem unde magnam numquam consectetur animi perspiciatis. Facilis est nesciunt earum odit officia quis.', '2022-01-18 14:53:14'),
('74', '25', 'Dolore dolore quas quidem illo. Eaque et vitae maxime dolorem qui voluptatibus. Explicabo ratione fugiat omnis sed dolorem voluptas aperiam. In exercitationem eligendi dolorem est voluptatem. Et nostrum architecto et cum fugit unde ut.', '2021-11-05 22:50:41'),
('75', '4', 'Aut praesentium et similique vitae cum nemo. Veniam qui reiciendis occaecati sapiente aut. Dolores impedit nihil impedit est assumenda. Aut natus rerum et possimus non eos velit.', '2021-04-24 02:22:55'),
('76', '22', 'Vero aut dolorem earum a rerum. Porro quia quia ut velit deleniti. Enim optio neque sunt eligendi culpa. Aut sapiente qui in ea reiciendis fugiat.', '2022-03-09 08:25:55'),
('77', '33', 'Et sunt quae cupiditate nulla modi eos et. Aut aut qui accusantium ut. Facere eius explicabo sed cumque.', '2021-10-07 05:07:06'),
('78', '10', 'Explicabo corrupti quam est. Qui minima aperiam corrupti id. Voluptatem accusantium possimus velit illum sequi.', '2022-03-25 11:34:54'),
('79', '15', 'Occaecati nostrum quo a praesentium vero et. Quo recusandae dolor eveniet repellendus quia qui. Atque voluptatibus eveniet voluptas minima earum. Ea sit quae aperiam dolores eligendi ipsum.', '2021-07-06 02:51:43'),
('80', '2', 'Error sint omnis exercitationem aut facere. Iusto iste similique est. Accusamus at et corrupti sint totam ut aut. Distinctio exercitationem vel sit magni ducimus autem.', '2021-11-03 21:19:12'),
('81', '11', 'Magnam aliquid consectetur eveniet iure. Non quas in officia maiores voluptas ab. Ut fuga nulla nobis sit explicabo vel qui neque.', '2021-06-10 08:29:18'),
('82', '28', 'Saepe optio voluptatem est adipisci blanditiis vero nobis. Dolores velit unde iste ut velit quas quia. Dolorum delectus eum occaecati et vel molestias. Voluptates accusantium voluptas eos soluta labore.', '2022-03-29 15:26:28'),
('83', '17', 'Rerum sit rerum quia sed qui. Et aspernatur atque deleniti deserunt libero. Et quibusdam qui ipsum accusantium.', '2022-04-07 18:51:54'),
('84', '30', 'Aut qui esse voluptatibus sunt ipsa. Id sapiente sed odit iste animi ducimus. Ea est autem quas quaerat ut et nihil.', '2021-12-11 05:10:12'),
('85', '20', 'Harum et id omnis ullam. Omnis laudantium iure delectus ipsam omnis rerum illo.', '2022-04-14 00:26:58'),
('86', '39', 'Vero praesentium voluptates accusantium voluptas. Ab recusandae sed ullam incidunt sit.', '2022-01-09 13:14:30'),
('87', '32', 'Voluptas est fugit est minima. Commodi qui est accusantium occaecati ea odio veritatis. Dolor sint explicabo quo ipsum ipsum corrupti. Aut exercitationem ut distinctio dicta nam soluta. Soluta sunt vel necessitatibus tenetur.', '2021-05-09 09:38:52'),
('88', '24', 'Illum dolorum eum error omnis est quia nisi. Qui ipsum sint laudantium eveniet voluptas. Voluptatem dolor facere et aperiam.', '2022-02-07 22:54:29'),
('89', '8', 'Cum enim minus qui magni et odio. Expedita beatae officiis eos in sequi. Consequatur nam voluptatem voluptatem consequuntur.', '2021-06-07 15:37:40'),
('90', '37', 'Repellat consequatur et ipsa aliquam est. Neque veritatis sed doloremque dignissimos id repellendus et. Libero enim est quo recusandae consequatur ad voluptates.', '2021-10-05 09:27:55'),
('91', '8', 'Veniam dolorum quod magnam ullam nihil debitis. Eligendi in velit dolores rerum ea animi aperiam. Ipsa voluptate ut autem asperiores voluptatibus. Nemo facilis temporibus reprehenderit quas et.', '2021-09-18 06:52:52'),
('92', '37', 'Incidunt qui aut debitis recusandae sed iusto voluptas consequatur. Et consequatur alias qui deserunt expedita. Et vitae officiis id blanditiis nostrum doloremque earum porro.', '2022-04-04 10:07:57'),
('93', '26', 'Non asperiores ut ab odio. Voluptatem numquam ut molestias eos. Sunt eum qui consectetur ipsa. Quam necessitatibus nemo consequuntur veniam animi perferendis sequi. Incidunt natus doloremque autem rem voluptatum.', '2021-06-12 10:01:38'),
('94', '38', 'Eos explicabo quasi sed. Ea qui temporibus repudiandae dolore aut dolor assumenda labore. Dolores rerum blanditiis fuga voluptatem est ipsam quidem. Ex veritatis doloremque quia vel eos.', '2021-05-13 20:18:05'),
('95', '9', 'Ducimus beatae assumenda autem et nam maxime. Quidem illo rerum eos nisi. Est doloremque atque velit id est ipsam vero sit. Fugit eveniet in sit aut necessitatibus quibusdam.', '2021-07-02 01:59:04'),
('96', '29', 'Enim cum placeat dolores ut accusamus vero ipsam. Voluptas commodi est eos ut. Fuga omnis quas et quibusdam quod distinctio. Est delectus libero consequatur voluptas.', '2021-12-12 04:33:56'),
('97', '35', 'Fugit voluptatem rerum minima voluptas id velit quia. Officia consequatur inventore molestias sed nihil.', '2022-03-13 01:43:07'),
('98', '33', 'Et sunt minima consectetur. Dolorem iusto vero vero quisquam quis.', '2021-08-04 16:11:52'),
('99', '22', 'Quia doloremque numquam ut et. Voluptate doloremque dolorem vero nam in veniam quasi. Qui quo labore est ipsum inventore. Eos animi possimus aperiam nostrum temporibus.', '2022-03-21 11:54:50'),
('100', '3', 'In et et eos necessitatibus similique quis eius. Fuga iusto ex mollitia eum velit. Modi voluptates distinctio quia dolore error nihil.', '2021-09-13 00:07:22');



